Poliza terceros,viernes, 1 de noviembre de 2013,200
Poliza terceros,sábado, 2 de noviembre de 2013,200
Poliza terceros,domingo, 3 de noviembre de 2013,180
Poliza terceros,lunes, 4 de noviembre de 2013,180
Poliza terceros,martes, 5 de noviembre de 2013,160
Poliza terceros,miércoles, 6 de noviembre de 2013,155
Poliza terceros,jueves, 7 de noviembre de 2013,150
Poliza terceros,viernes, 8 de noviembre de 2013,130
Poliza terceros,sábado, 9 de noviembre de 2013,130
Poliza terceros,domingo, 10 de noviembre de 2013,130
Poliza terceros,lunes, 11 de noviembre de 2013,120
Poliza terceros,martes, 12 de noviembre de 2013,100
Poliza terceros,miércoles, 13 de noviembre de 2013,95
Poliza terceros,jueves, 14 de noviembre de 2013,90
Poliza terceros,viernes, 15 de noviembre de 2013,100
Poliza terceros,sábado, 16 de noviembre de 2013,100
Poliza terceros,domingo, 17 de noviembre de 2013,100
Poliza terceros,lunes, 18 de noviembre de 2013,100
Poliza terceros,martes, 19 de noviembre de 2013,120
Poliza terceros,miércoles, 20 de noviembre de 2013,123
Poliza terceros,jueves, 21 de noviembre de 2013,120
Poliza terceros,viernes, 22 de noviembre de 2013,140
Poliza terceros,sábado, 23 de noviembre de 2013,180
Poliza terceros,domingo, 24 de noviembre de 2013,190
Poliza terceros,lunes, 25 de noviembre de 2013,180
Poliza terceros,martes, 26 de noviembre de 2013,185
Poliza terceros,miércoles, 27 de noviembre de 2013,170
Poliza terceros,jueves, 28 de noviembre de 2013,150
Poliza terceros,viernes, 29 de noviembre de 2013,155
Poliza terceros,sábado, 30 de noviembre de 2013,200
Poliza terceros,domingo, 1 de diciembre de 2013,200
Poliza terceros,lunes, 2 de diciembre de 2013,180
Poliza terceros,martes, 3 de diciembre de 2013,180
Poliza terceros,miércoles, 4 de diciembre de 2013,160
Poliza terceros,jueves, 5 de diciembre de 2013,155
Poliza terceros,viernes, 6 de diciembre de 2013,150
Poliza terceros,sábado, 7 de diciembre de 2013,130
Poliza terceros,domingo, 8 de diciembre de 2013,130
Poliza terceros,lunes, 9 de diciembre de 2013,130
Poliza terceros,martes, 10 de diciembre de 2013,120
Poliza terceros,miércoles, 11 de diciembre de 2013,100
Poliza standard,viernes, 1 de noviembre de 2013,150
Poliza standard,sábado, 2 de noviembre de 2013,150
Poliza standard,domingo, 3 de noviembre de 2013,130
Poliza standard,lunes, 4 de noviembre de 2013,130
Poliza standard,martes, 5 de noviembre de 2013,160
Poliza standard,miércoles, 6 de noviembre de 2013,165
Poliza standard,jueves, 7 de noviembre de 2013,170
Poliza standard,viernes, 8 de noviembre de 2013,160
Poliza standard,sábado, 9 de noviembre de 2013,165
Poliza standard,domingo, 10 de noviembre de 2013,150
Poliza standard,lunes, 11 de noviembre de 2013,180
Poliza standard,martes, 12 de noviembre de 2013,140
Poliza standard,miércoles, 13 de noviembre de 2013,120
Poliza standard,jueves, 14 de noviembre de 2013,90
Poliza standard,viernes, 15 de noviembre de 2013,80
Poliza standard,sábado, 16 de noviembre de 2013,75
Poliza standard,domingo, 17 de noviembre de 2013,70
Poliza standard,lunes, 18 de noviembre de 2013,65
Poliza standard,martes, 19 de noviembre de 2013,60
Poliza standard,miércoles, 20 de noviembre de 2013,55
Poliza standard,jueves, 21 de noviembre de 2013,65
Poliza standard,viernes, 22 de noviembre de 2013,75
Poliza standard,sábado, 23 de noviembre de 2013,80
Poliza standard,domingo, 24 de noviembre de 2013,90
Poliza standard,lunes, 25 de noviembre de 2013,100
Poliza standard,martes, 26 de noviembre de 2013,105
Poliza standard,miércoles, 27 de noviembre de 2013,120
Poliza standard,jueves, 28 de noviembre de 2013,100
Poliza standard,viernes, 29 de noviembre de 2013,80
Poliza standard,sábado, 30 de noviembre de 2013,150
Poliza standard,domingo, 1 de diciembre de 2013,150
Poliza standard,lunes, 2 de diciembre de 2013,130
Poliza standard,martes, 3 de diciembre de 2013,130
Poliza standard,miércoles, 4 de diciembre de 2013,160
Poliza standard,jueves, 5 de diciembre de 2013,165
Poliza standard,viernes, 6 de diciembre de 2013,170
Poliza standard,sábado, 7 de diciembre de 2013,160
Poliza standard,domingo, 8 de diciembre de 2013,165
Poliza standard,lunes, 9 de diciembre de 2013,150
Poliza standard,martes, 10 de diciembre de 2013,180
Poliza standard,miércoles, 11 de diciembre de 2013,140
